{"avg_reward": [447.5, 444.3333333333333, 360.5, 402.1666666666667, 460.6666666666667, 455.0, 509.1666666666667, 517.1666666666666, 504.6666666666667, 399.0, 437.8333333333333, 527.3333333333334, 529.8333333333334, 467.5, 468.5, 481.8333333333333, 424.1666666666667, 441.3333333333333, 475.3333333333333, 450.0, 518.5, 424.3333333333333, 366.1666666666667, 407.8333333333333, 550.1666666666666, 488.1666666666667, 602.3333333333334, 500.8333333333333, 480.6666666666667, 480.3333333333333, 444.5, 525.3333333333334, 580.5, 491.6666666666667, 501.6666666666667, 560.3333333333334, 559.5, 561.0, 527.1666666666666, 512.6666666666666, 508.5, 390.3333333333333, 500.6666666666667, 555.6666666666666, 519.3333333333334, 445.8333333333333, 558.3333333333334, 469.5, 454.0, 429.3333333333333, 533.3333333333334, 447.3333333333333, 432.0, 500.1666666666667, 477.8333333333333, 454.6666666666667, 427.5, 369.8333333333333, 457.1666666666667, 267.5, 322.8333333333333, 289.5, 305.8333333333333, 321.3333333333333, 384.8333333333333, 349.6666666666667, 405.6666666666667, 416.1666666666667, 369.8333333333333, 382.3333333333333, 373.0, 436.3333333333333, 460.3333333333333], "num_steps": [468, 885, 1228, 1618, 2068, 2546, 3044, 3541, 4065, 4473, 4873, 5423, 5942, 6400, 6874, 7346, 7792, 8216, 8666, 9097, 9611, 10034, 10370, 10781, 11376, 11834, 12445, 12916, 13396, 13904, 14370, 14911, 15517, 16027, 16550, 17090, 17677, 18256, 18749, 19264, 19793, 20192, 20711, 21270, 21787, 22266, 22839, 23306, 23748, 24165, 24726, 25162, 25601, 26100, 26589, 27058, 27469, 27840, 28324, 28569, 28866, 29149, 29455, 29785, 30161, 30523, 30928, 31327, 31711, 32110, 32459, 32884, 33347]}